{"init_params": {"cat_dims": [4, 7, 4, 3, 4, 7, 5], "cat_emb_dim": [8, 8, 8, 8, 8, 8, 8], "cat_idxs": [0, 11, 12, 13, 14, 15, 16], "clip_value": 1, "device_name": "auto", "epsilon": 1e-15, "gamma": 1.8, "grouped_features": [], "input_dim": 19, "lambda_sparse": 0.0001, "mask_type": "entmax", "momentum": 0.02, "n_a": 32, "n_d": 32, "n_indep_decoder": 1, "n_independent": 3, "n_shared": 2, "n_shared_decoder": 1, "n_steps": 7, "optimizer_params": {"lr": 0.003, "weight_decay": 1e-05}, "output_dim": 7, "scheduler_fn": null, "scheduler_params": {}, "seed": 0, "verbose": 1}, "class_attrs": {"preds_mapper": {"0": 0, "1": 1, "2": 2, "3": 3, "4": 4, "5": 5, "6": 6}}}